--
-- Current Database: `profile_service`
--

CREATE DATABASE /*!32312 IF NOT EXISTS*/ `profile_service` /*!40100 DEFAULT CHARACTER SET utf8mb4 COLLATE utf8mb4_unicode_ci */;

USE `profile_service`;

--
-- Table structure for table `CONFIGURATION`
--

DROP TABLE IF EXISTS `CONFIGURATION`;
/*!40101 SET @saved_cs_client     = @@character_set_client */;
/*!40101 SET character_set_client = utf8 */;
CREATE TABLE `CONFIGURATION` (
  `CONFIG_KEY` varchar(255) NOT NULL,
  `CONFIG_VAL` varchar(255) NOT NULL,
  PRIMARY KEY (`CONFIG_KEY`,`CONFIG_VAL`)
) ENGINE=InnoDB DEFAULT CHARSET=latin1;
/*!40101 SET character_set_client = @saved_cs_client */;

--
-- Dumping data for table `CONFIGURATION`
--

LOCK TABLES `CONFIGURATION` WRITE;
/*!40000 ALTER TABLE `CONFIGURATION` DISABLE KEYS */;
INSERT INTO `CONFIGURATION` VALUES ('user_profile_catalog_version','0.17');
/*!40000 ALTER TABLE `CONFIGURATION` ENABLE KEYS */;
UNLOCK TABLES;

--
-- Table structure for table `USER_PROFILE`
--

DROP TABLE IF EXISTS `USER_PROFILE`;
/*!40101 SET @saved_cs_client     = @@character_set_client */;
/*!40101 SET character_set_client = utf8 */;
CREATE TABLE `USER_PROFILE` (
  `USER_ID` varchar(255) NOT NULL,
  `GATEWAY_ID` varchar(255) NOT NULL,
  `USER_MODEL_VERSION` varchar(255) DEFAULT NULL,
  `FIRST_NAME` varchar(255) DEFAULT NULL,
  `LAST_NAME` varchar(255) DEFAULT NULL,
  `MIDDLE_NAME` varchar(255) DEFAULT NULL,
  `NAME_PREFIX` varchar(255) DEFAULT NULL,
  `NAME_SUFFIX` varchar(255) DEFAULT NULL,
  `ORCID_ID` varchar(255) DEFAULT NULL,
  `COUNTRY` varchar(255) DEFAULT NULL,
  `HOME_ORGANIZATION` varchar(255) DEFAULT NULL,
  `ORIGINATION_AFFILIATION` varchar(255) DEFAULT NULL,
  `CREATION_TIME` timestamp NOT NULL DEFAULT CURRENT_TIMESTAMP,
  `LAST_ACCESS_TIME` timestamp NOT NULL DEFAULT '0000-00-00 00:00:00',
  `VALID_UNTIL` datetime DEFAULT NULL,
  `STATE` varchar(255) DEFAULT NULL,
  `COMMENTS` text,
  `GPG_KEY` text,
  `TIME_ZONE` varchar(255) DEFAULT NULL,
  PRIMARY KEY (`CUSTOS_INTERNAL_USER_ID`)
) ENGINE=InnoDB DEFAULT CHARSET=latin1;
/*!40101 SET character_set_client = @saved_cs_client */;

--
-- Dumping data for table `USER_PROFILE`
--

LOCK TABLES `USER_PROFILE` WRITE;
/*!40000 ALTER TABLE `USER_PROFILE` DISABLE KEYS */;
INSERT INTO `USER_PROFILE` VALUES ('default-admin','default','1.0','dim','Upe',NULL,NULL,NULL,NULL,NULL,NULL,NULL,'2019-02-25 18:46:43','2019-02-25 18:46:43','1969-12-31 19:00:00','ACTIVE',NULL,NULL,NULL);
/*!40000 ALTER TABLE `USER_PROFILE` ENABLE KEYS */;
UNLOCK TABLES;

--
-- Table structure for table `GATEWAY`
--

DROP TABLE IF EXISTS `GATEWAY`;
/*!40101 SET @saved_cs_client     = @@character_set_client */;
/*!40101 SET character_set_client = utf8 */;
CREATE TABLE `GATEWAY` (
     `CUSTOS_INTERNAL_GATEWAY_ID` varchar(255) NOT NULL,
     `DECLINED_REASON` varchar(255) DEFAULT NULL,
     `GATEWAY_DOMAIN` varchar(255) DEFAULT NULL,
     `EMAIL_ADDRESS` varchar(255) DEFAULT NULL,
     `GATEWAY_ACRONYM` varchar(255) DEFAULT NULL,
     `GATEWAY_ADMIN_EMAIL` varchar(255) DEFAULT NULL,
     `GATEWAY_ADMIN_FIRST_NAME` varchar(255) DEFAULT NULL,
     `GATEWAY_ADMIN_LAST_NAME` varchar(255) DEFAULT NULL,
     `GATEWAY_APPROVAL_STATUS` varchar(255) DEFAULT NULL,
     `GATEWAY_ID` varchar(255) DEFAULT NULL,
     `GATEWAY_NAME` varchar(255) DEFAULT NULL,
     `GATEWAY_PUBLIC_ABSTRACT` varchar(255) DEFAULT NULL,
     `GATEWAY_URL` varchar(255) DEFAULT NULL,
     `IDENTITY_SERVER_PASSWORD_TOKEN` varchar(255) DEFAULT NULL,
     `IDENTITY_SERVER_USERNAME` varchar(255) DEFAULT NULL,
     `OAUTH_CLIENT_ID` varchar(255) DEFAULT NULL,
     `OAUTH_CLIENT_SECRET` varchar(255) DEFAULT NULL,
     `REQUEST_CREATION_TIME` bigint(20) DEFAULT NULL,
     `REQUESTER_USERNAME` varchar(255) DEFAULT NULL,
     `GATEWAY_REVIEW_PROPOSAL_DESCRIPTION` varchar(255) DEFAULT NULL,
     PRIMARY KEY (`CUSTOS_INTERNAL_GATEWAY_ID`)
) ENGINE=InnoDB DEFAULT CHARSET=latin1;
/*!40101 SET character_set_client = @saved_cs_client */;

--
-- Dumping data for table `GATEWAY`
--

LOCK TABLES `GATEWAY` WRITE;
/*!40000 ALTER TABLE `GATEWAY` DISABLE KEYS */;
INSERT INTO `GATEWAY` VALUES ('default',NULL,NULL,NULL,NULL,NULL,NULL,NULL,'APPROVED','default','default',NULL,NULL,NULL,NULL,'pga','9790c8c4-7d9b-4ccc-a820-ca5aac38d2ad','2019-02-25 18:40:06',NULL, NULL);
/*!40000 ALTER TABLE `GATEWAY` ENABLE KEYS */;
UNLOCK TABLES;

--
-- Table structure for table `NSF_DEMOGRAPHIC`
--

DROP TABLE IF EXISTS `NSF_DEMOGRAPHIC`;
/*!40101 SET @saved_cs_client     = @@character_set_client */;
/*!40101 SET character_set_client = utf8 */;
CREATE TABLE `NSF_DEMOGRAPHIC` (
  `USER_ID` varchar(255) NOT NULL,
  `GATEWAY_ID` varchar(255) NOT NULL,
  `GENDER` varchar(255) NOT NULL,
  PRIMARY KEY (`USER_ID`,`GATEWAY_ID`),
  CONSTRAINT `nsf_demographic_ibfk_1` FOREIGN KEY (`USER_ID`) REFERENCES `USER_PROFILE` (`USER_ID`) ON DELETE CASCADE,
  CONSTRAINT `nsf_demographic_ibfk_2` FOREIGN KEY (`GATEWAY_ID`) REFERENCES `USER_PROFILE` (`GATEWAY_ID`) ON DELETE CASCADE
) ENGINE=InnoDB DEFAULT CHARSET=latin1;
/*!40101 SET character_set_client = @saved_cs_client */;

--
-- Dumping data for table `NSF_DEMOGRAPHIC`
--

LOCK TABLES `NSF_DEMOGRAPHIC` WRITE;
/*!40000 ALTER TABLE `NSF_DEMOGRAPHIC` DISABLE KEYS */;
/*!40000 ALTER TABLE `NSF_DEMOGRAPHIC` ENABLE KEYS */;
UNLOCK TABLES;

--
-- Table structure for table `NSF_DEMOGRAPHIC_DISABILITY`
--

DROP TABLE IF EXISTS `NSF_DEMOGRAPHIC_DISABILITY`;
/*!40101 SET @saved_cs_client     = @@character_set_client */;
/*!40101 SET character_set_client = utf8 */;
CREATE TABLE `NSF_DEMOGRAPHIC_DISABILITY` (
  `USER_ID` varchar(255) NOT NULL,
  `GATEWAY_ID` varchar(255) NOT NULL,
  `DISABILITY` varchar(255) NOT NULL,
  PRIMARY KEY (`USER_ID`,`GATEWAY_ID`,`DISABILITY`),
  CONSTRAINT `nsf_demographic_disability_ibfk_1` FOREIGN KEY (`USER_ID`) REFERENCES `NSF_DEMOGRAPHIC` (`USER_ID`) ON DELETE CASCADE,
  CONSTRAINT `nsf_demographic_disability_ibfk_2` FOREIGN KEY (`GATEWAY_ID`) REFERENCES `NSF_DEMOGRAPHIC` (`GATEWAY_ID`) ON DELETE CASCADE
) ENGINE=InnoDB DEFAULT CHARSET=latin1;
/*!40101 SET character_set_client = @saved_cs_client */;

--
-- Dumping data for table `NSF_DEMOGRAPHIC_DISABILITY`
--

LOCK TABLES `NSF_DEMOGRAPHIC_DISABILITY` WRITE;
/*!40000 ALTER TABLE `NSF_DEMOGRAPHIC_DISABILITY` DISABLE KEYS */;
/*!40000 ALTER TABLE `NSF_DEMOGRAPHIC_DISABILITY` ENABLE KEYS */;
UNLOCK TABLES;

--
-- Table structure for table `NSF_DEMOGRAPHIC_ETHNICITY`
--

DROP TABLE IF EXISTS `NSF_DEMOGRAPHIC_ETHNICITY`;
/*!40101 SET @saved_cs_client     = @@character_set_client */;
/*!40101 SET character_set_client = utf8 */;
CREATE TABLE `NSF_DEMOGRAPHIC_ETHNICITY` (
  `USER_ID` varchar(255) NOT NULL,
  `GATEWAY_ID` varchar(255) NOT NULL,
  `ETHNICITY` varchar(255) NOT NULL,
  PRIMARY KEY (`USER_ID`,`GATEWAY_ID`,`ETHNICITY`),
  CONSTRAINT `nsf_demographic_ethnicity_ibfk_1` FOREIGN KEY (`USER_ID`) REFERENCES `NSF_DEMOGRAPHIC` (`USER_ID`) ON DELETE CASCADE,
  CONSTRAINT `nsf_demographic_ethnicity_ibfk_2` FOREIGN KEY (`GATEWAY_ID`) REFERENCES `NSF_DEMOGRAPHIC` (`GATEWAY_ID`) ON DELETE CASCADE,
) ENGINE=InnoDB DEFAULT CHARSET=latin1;
/*!40101 SET character_set_client = @saved_cs_client */;

--
-- Dumping data for table `NSF_DEMOGRAPHIC_ETHNICITY`
--

LOCK TABLES `NSF_DEMOGRAPHIC_ETHNICITY` WRITE;
/*!40000 ALTER TABLE `NSF_DEMOGRAPHIC_ETHNICITY` DISABLE KEYS */;
/*!40000 ALTER TABLE `NSF_DEMOGRAPHIC_ETHNICITY` ENABLE KEYS */;
UNLOCK TABLES;

--
-- Table structure for table `NSF_DEMOGRAPHIC_RACE`
--

DROP TABLE IF EXISTS `NSF_DEMOGRAPHIC_RACE`;
/*!40101 SET @saved_cs_client     = @@character_set_client */;
/*!40101 SET character_set_client = utf8 */;
CREATE TABLE `NSF_DEMOGRAPHIC_RACE` (
  `USER_ID` varchar(255) NOT NULL,
  `GATEWAY_ID` varchar(255) NOT NULL,
  `RACE` varchar(255) NOT NULL,
  PRIMARY KEY (`USER_ID`,`GATEWAY_ID`,`RACE`),
  CONSTRAINT `nsf_demographic_race_ibfk_1` FOREIGN KEY (`USER_ID`) REFERENCES `NSF_DEMOGRAPHIC` (`USER_ID`) ON DELETE CASCADE,
  CONSTRAINT `nsf_demographic_race_ibfk_2` FOREIGN KEY (`GATEWAY_ID`) REFERENCES `NSF_DEMOGRAPHIC` (`GATEWAY_ID`) ON DELETE CASCADE
) ENGINE=InnoDB DEFAULT CHARSET=latin1;
/*!40101 SET character_set_client = @saved_cs_client */;

--
-- Dumping data for table `NSF_DEMOGRAPHIC_RACE`
--

LOCK TABLES `NSF_DEMOGRAPHIC_RACE` WRITE;
/*!40000 ALTER TABLE `NSF_DEMOGRAPHIC_RACE` DISABLE KEYS */;
/*!40000 ALTER TABLE `NSF_DEMOGRAPHIC_RACE` ENABLE KEYS */;
UNLOCK TABLES;

--
-- Table structure for table `USER_PROFILE_EMAIL`
--

DROP TABLE IF EXISTS `USER_PROFILE_EMAIL`;
/*!40101 SET @saved_cs_client     = @@character_set_client */;
/*!40101 SET character_set_client = utf8 */;
CREATE TABLE `USER_PROFILE_EMAIL` (
  `USER_ID` varchar(255) NOT NULL,
  `GATEWAY_ID` varchar(255) NOT NULL,
  `EMAIL` varchar(255) NOT NULL,
  PRIMARY KEY (`USER_Id`,`GATEWAY_ID`,`EMAIL`),
  CONSTRAINT `user_profile_email_ibfk_1` FOREIGN KEY (`USER_ID`) REFERENCES `USER_PROFILE` (`USER_ID`) ON DELETE CASCADE,
  CONSTRAINT `user_profile_email_ibfk_2` FOREIGN KEY (`GATEWAY_ID`) REFERENCES `USER_PROFILE` (`GATEWAY_ID`) ON DELETE CASCADE
) ENGINE=InnoDB DEFAULT CHARSET=latin1;
/*!40101 SET character_set_client = @saved_cs_client */;

--
-- Dumping data for table `USER_PROFILE_EMAIL`
--

LOCK TABLES `USER_PROFILE_EMAIL` WRITE;
/*!40000 ALTER TABLE `USER_PROFILE_EMAIL` DISABLE KEYS */;
INSERT INTO `USER_PROFILE_EMAIL` VALUES ('default-admin','default','dimuthu.upeksha2@gmail.com');
/*!40000 ALTER TABLE `USER_PROFILE_EMAIL` ENABLE KEYS */;
UNLOCK TABLES;

--
-- Table structure for table `USER_PROFILE_LABELED_URI`
--

DROP TABLE IF EXISTS `USER_PROFILE_LABELED_URI`;
/*!40101 SET @saved_cs_client     = @@character_set_client */;
/*!40101 SET character_set_client = utf8 */;
CREATE TABLE `USER_PROFILE_LABELED_URI` (
  `USER_ID` varchar(255) NOT NULL,
  `GATEWAY_ID` varchar(255) NOT NULL,
  `LABELED_URI` varchar(255) NOT NULL,
  PRIMARY KEY (`USER_ID`,`GATEWAY_ID`,`LABELED_URI`),
  CONSTRAINT `user_profile_labeled_uri_ibfk_1` FOREIGN KEY (`USER_ID`) REFERENCES `USER_PROFILE` (`USER_ID`) ON DELETE CASCADE,
  CONSTRAINT `user_profile_labeled_uri_ibfk_2` FOREIGN KEY (`GATEWAY_ID`) REFERENCES `USER_PROFILE` (`GATEWAY_ID`) ON DELETE CASCADE
) ENGINE=InnoDB DEFAULT CHARSET=latin1;
/*!40101 SET character_set_client = @saved_cs_client */;

--
-- Dumping data for table `USER_PROFILE_LABELED_URI`
--

LOCK TABLES `USER_PROFILE_LABELED_URI` WRITE;
/*!40000 ALTER TABLE `USER_PROFILE_LABELED_URI` DISABLE KEYS */;
/*!40000 ALTER TABLE `USER_PROFILE_LABELED_URI` ENABLE KEYS */;
UNLOCK TABLES;

--
-- Table structure for table `USER_PROFILE_NATIONALITY`
--

DROP TABLE IF EXISTS `USER_PROFILE_NATIONALITY`;
/*!40101 SET @saved_cs_client     = @@character_set_client */;
/*!40101 SET character_set_client = utf8 */;
CREATE TABLE `USER_PROFILE_NATIONALITY` (
  `USER_ID` varchar(255) NOT NULL,
  `GATEWAY_ID` varchar(255) NOT NULL,
  `NATIONALITY` varchar(255) NOT NULL,
  PRIMARY KEY (`USER_ID`,`GATEWAY_ID`,`NATIONALITY`),
  CONSTRAINT `user_profile_nationality_ibfk_1` FOREIGN KEY (`USER_ID`) REFERENCES `USER_PROFILE`(`USER_ID`) ON DELETE CASCADE,
  CONSTRAINT `user_profile_nationality_ibfk_2` FOREIGN KEY (`GATEWAY_ID`) REFERENCES `USER_PROFILE`(`GATEWAY_ID`) ON DELETE CASCADE
) ENGINE=InnoDB DEFAULT CHARSET=latin1;
/*!40101 SET character_set_client = @saved_cs_client */;

--
-- Dumping data for table `USER_PROFILE_NATIONALITY`
--

LOCK TABLES `USER_PROFILE_NATIONALITY` WRITE;
/*!40000 ALTER TABLE `USER_PROFILE_NATIONALITY` DISABLE KEYS */;
/*!40000 ALTER TABLE `USER_PROFILE_NATIONALITY` ENABLE KEYS */;
UNLOCK TABLES;

--
-- Table structure for table `USER_PROFILE_PHONE`
--

DROP TABLE IF EXISTS `USER_PROFILE_PHONE`;
/*!40101 SET @saved_cs_client     = @@character_set_client */;
/*!40101 SET character_set_client = utf8 */;
CREATE TABLE `USER_PROFILE_PHONE` (
  `USER_ID` varchar(255) NOT NULL,
  `GATEWAY_ID` varchar(255) NOT NULL,
  `PHONE` varchar(255) NOT NULL,
  PRIMARY KEY (`CUSTOS_INTERNAL_USER_ID`,`PHONE`),
  CONSTRAINT `user_profile_phone_ibfk_1` FOREIGN KEY (`USER_ID`) REFERENCES `USER_PROFILE` (`USER_ID`) ON DELETE CASCADE,
  CONSTRAINT `user_profile_phone_ibfk_2` FOREIGN KEY (`GATEWAY_ID`) REFERENCES `USER_PROFILE` (`GATEWAY_ID`) ON DELETE CASCADE
) ENGINE=InnoDB DEFAULT CHARSET=latin1;
/*!40101 SET character_set_client = @saved_cs_client */;

--
-- Dumping data for table `USER_PROFILE_PHONE`
--

LOCK TABLES `USER_PROFILE_PHONE` WRITE;
/*!40000 ALTER TABLE `USER_PROFILE_PHONE` DISABLE KEYS */;
/*!40000 ALTER TABLE `USER_PROFILE_PHONE` ENABLE KEYS */;
UNLOCK TABLES;


--
-- Current Database: `sharing_catalog`
--

CREATE DATABASE /*!32312 IF NOT EXISTS*/ `sharing_catalog` /*!40100 DEFAULT CHARACTER SET utf8mb4 COLLATE utf8mb4_unicode_ci */;

USE `sharing_catalog`;

--
-- Table structure for table `CONFIGURATION`
--

DROP TABLE IF EXISTS `CONFIGURATION`;
/*!40101 SET @saved_cs_client     = @@character_set_client */;
/*!40101 SET character_set_client = utf8 */;
CREATE TABLE `CONFIGURATION` (
  `CONFIG_KEY` varchar(255) NOT NULL,
  `CONFIG_VALUE` varchar(255) NOT NULL,
  PRIMARY KEY (`CONFIG_KEY`,`CONFIG_VALUE`)
) ENGINE=InnoDB DEFAULT CHARSET=latin1;
/*!40101 SET character_set_client = @saved_cs_client */;

--
-- Dumping data for table `CONFIGURATION`
--

LOCK TABLES `CONFIGURATION` WRITE;
/*!40000 ALTER TABLE `CONFIGURATION` DISABLE KEYS */;
INSERT INTO `CONFIGURATION` VALUES ('sharing_reg_version','0.17');
/*!40000 ALTER TABLE `CONFIGURATION` ENABLE KEYS */;
UNLOCK TABLES;

--
-- Table structure for table `DOMAIN`
--

DROP TABLE IF EXISTS `DOMAIN`;
/*!40101 SET @saved_cs_client     = @@character_set_client */;
/*!40101 SET character_set_client = utf8 */;
CREATE TABLE `DOMAIN` (
  `DOMAIN_ID` varchar(255) NOT NULL,
  `NAME` varchar(255) NOT NULL,
  `DESCRIPTION` varchar(255) DEFAULT NULL,
  `CREATED_TIME` bigint(20) NOT NULL,
  `UPDATED_TIME` bigint(20) NOT NULL,
  PRIMARY KEY (`DOMAIN_ID`)
) ENGINE=InnoDB DEFAULT CHARSET=latin1;
/*!40101 SET character_set_client = @saved_cs_client */;

--
-- Dumping data for table `DOMAIN`
--

LOCK TABLES `DOMAIN` WRITE;
/*!40000 ALTER TABLE `DOMAIN` DISABLE KEYS */;
INSERT INTO `DOMAIN` VALUES ('default','default','Domain entry for default',1551138011532,1551138011532);
/*!40000 ALTER TABLE `DOMAIN` ENABLE KEYS */;
UNLOCK TABLES;

--
-- Table structure for table `ENTITY_TYPE`
--

DROP TABLE IF EXISTS `ENTITY_TYPE`;
/*!40101 SET @saved_cs_client     = @@character_set_client */;
/*!40101 SET character_set_client = utf8 */;
CREATE TABLE `ENTITY_TYPE` (
  `ENTITY_TYPE_ID` varchar(255) NOT NULL,
  `DOMAIN_ID` varchar(255) NOT NULL,
  `NAME` varchar(255) NOT NULL,
  `DESCRIPTION` varchar(255) DEFAULT NULL,
  `CREATED_TIME` bigint(20) NOT NULL,
  `UPDATED_TIME` bigint(20) NOT NULL,
  PRIMARY KEY (`ENTITY_TYPE_ID`,`DOMAIN_ID`),
  KEY `DOMAIN_ID` (`DOMAIN_ID`),
  CONSTRAINT `entity_type_ibfk_1` FOREIGN KEY (`DOMAIN_ID`) REFERENCES `DOMAIN` (`DOMAIN_ID`) ON DELETE CASCADE ON UPDATE NO ACTION
) ENGINE=InnoDB DEFAULT CHARSET=latin1;
/*!40101 SET character_set_client = @saved_cs_client */;

--
-- Dumping data for table `ENTITY_TYPE`
--

LOCK TABLES `ENTITY_TYPE` WRITE;
/*!40000 ALTER TABLE `ENTITY_TYPE` DISABLE KEYS */;
INSERT INTO `ENTITY_TYPE` VALUES ('default:APPLICATION_DEPLOYMENT','default','APPLICATION-DEPLOYMENT','Application Deployment entity type',1551138011706,1551138011706),('default:CREDENTIAL_TOKEN','default','CREDENTIAL_TOKEN','Credential Store Token entity type',1551138011735,1551138011735),('default:EXPERIMENT','default','EXPERIMENT','Experiment entity type',1551138011685,1551138011685),('default:FILE','default','FILE','File entity type',1551138011696,1551138011696),('default:GROUP_RESOURCE_PROFILE','default','GROUP_RESOURCE_PROFILE','Group Resource Profile entity type',1551138011716,1551138011716),('default:PROJECT','default','PROJECT','Project entity type',1551138011665,1551138011665);
/*!40000 ALTER TABLE `ENTITY_TYPE` ENABLE KEYS */;
UNLOCK TABLES;

--
-- Table structure for table `SHARING_USER`
--

DROP TABLE IF EXISTS `SHARING_USER`;
/*!40101 SET @saved_cs_client     = @@character_set_client */;
/*!40101 SET character_set_client = utf8 */;
CREATE TABLE `SHARING_USER` (
  `USER_ID` varchar(255) NOT NULL,
  `DOMAIN_ID` varchar(255) NOT NULL,
  `USER_NAME` varchar(255) NOT NULL,
  `FIRST_NAME` varchar(255) DEFAULT NULL,
  `LAST_NAME` varchar(255) DEFAULT NULL,
  `EMAIL` varchar(255) DEFAULT NULL,
  `ICON` blob,
  `CREATED_TIME` bigint(20) NOT NULL,
  `UPDATED_TIME` bigint(20) NOT NULL,
  PRIMARY KEY (`USER_ID`,`DOMAIN_ID`),
  KEY `DOMAIN_ID` (`DOMAIN_ID`),
  CONSTRAINT `sharing_user_ibfk_1` FOREIGN KEY (`DOMAIN_ID`) REFERENCES `DOMAIN` (`DOMAIN_ID`) ON DELETE CASCADE ON UPDATE NO ACTION
) ENGINE=InnoDB DEFAULT CHARSET=latin1;
/*!40101 SET character_set_client = @saved_cs_client */;

--
-- Dumping data for table `SHARING_USER`
--

LOCK TABLES `SHARING_USER` WRITE;
/*!40000 ALTER TABLE `SHARING_USER` DISABLE KEYS */;
INSERT INTO `SHARING_USER` VALUES ('default-admin@default','default','dim Upe',NULL,NULL,'dimuthu.upeksha2@gmail.com',NULL,1551138011603,1551138404868);
/*!40000 ALTER TABLE `SHARING_USER` ENABLE KEYS */;
UNLOCK TABLES;

--
-- Table structure for table `ENTITY`
--

DROP TABLE IF EXISTS `ENTITY`;
/*!40101 SET @saved_cs_client     = @@character_set_client */;
/*!40101 SET character_set_client = utf8 */;
CREATE TABLE `ENTITY` (
  `ENTITY_ID` varchar(255) NOT NULL,
  `DOMAIN_ID` varchar(255) NOT NULL,
  `ENTITY_TYPE_ID` varchar(255) NOT NULL,
  `OWNER_ID` varchar(255) NOT NULL,
  `PARENT_ENTITY_ID` varchar(255) DEFAULT NULL,
  `NAME` varchar(255) NOT NULL,
  `DESCRIPTION` varchar(255) DEFAULT NULL,
  `BINARY_DATA` blob,
  `FULL_TEXT` text,
  `SHARED_COUNT` bigint(20) DEFAULT '0',
  `ORIGINAL_ENTITY_CREATION_TIME` bigint(20) NOT NULL,
  `CREATED_TIME` bigint(20) NOT NULL,
  `UPDATED_TIME` bigint(20) NOT NULL,
  PRIMARY KEY (`ENTITY_ID`,`DOMAIN_ID`),
  KEY `ENTITY_TYPE_ID` (`ENTITY_TYPE_ID`,`DOMAIN_ID`),
  KEY `OWNER_ID` (`OWNER_ID`,`DOMAIN_ID`),
  KEY `PARENT_ENTITY_ID` (`PARENT_ENTITY_ID`,`DOMAIN_ID`),
  FULLTEXT KEY `FULL_TEXT_INDEX` (`FULL_TEXT`),
  CONSTRAINT `entity_ibfk_1` FOREIGN KEY (`ENTITY_TYPE_ID`, `DOMAIN_ID`) REFERENCES `ENTITY_TYPE` (`ENTITY_TYPE_ID`, `DOMAIN_ID`) ON DELETE CASCADE ON UPDATE NO ACTION,
  CONSTRAINT `entity_ibfk_2` FOREIGN KEY (`OWNER_ID`, `DOMAIN_ID`) REFERENCES `SHARING_USER` (`USER_ID`, `DOMAIN_ID`) ON DELETE CASCADE ON UPDATE NO ACTION,
  CONSTRAINT `entity_ibfk_3` FOREIGN KEY (`PARENT_ENTITY_ID`, `DOMAIN_ID`) REFERENCES `ENTITY` (`ENTITY_ID`, `DOMAIN_ID`) ON DELETE CASCADE ON UPDATE NO ACTION
) ENGINE=InnoDB DEFAULT CHARSET=latin1;
/*!40101 SET character_set_client = @saved_cs_client */;

--
-- Dumping data for table `ENTITY`
--

LOCK TABLES `ENTITY` WRITE;
/*!40000 ALTER TABLE `ENTITY` DISABLE KEYS */;
INSERT INTO `ENTITY` VALUES ('46a99a5a-8b55-4982-bfd7-90fe72b00d46','default','default:CREDENTIAL_TOKEN','default-admin@default',NULL,'46a99a5a-8b55-4982-bfd7-90fe72b00d46','Default',NULL,NULL,0,1551139607733,1551139607733,1551139607733),('af03c63d-a40e-4ed1-aee0-759a6ed0202c','default','default:GROUP_RESOURCE_PROFILE','default-admin@default',NULL,'Default-Group-Resource-Profile',NULL,NULL,NULL,3,1552318871908,1552318871908,1552318871908),('Clone_of_Clone_of_Echo_on_Mar_11,_2019_12:24_PM_9182a6b7-520d-4a8d-92e1-24463aae530b','default','default:EXPERIMENT','default-admin@default',NULL,'Clone of Clone of Echo on Mar 11, 2019 12:24 PM',NULL,NULL,NULL,3,1552323107891,1552323107891,1552323107891),('Clone_of_Echo_on_Mar_11,_2019_12:02_PM_32bd2154-9dd1-46c4-87c1-cd3925174f79','default','default:EXPERIMENT','default-admin@default',NULL,'Clone of Echo on Mar 11, 2019 12:02 PM',NULL,NULL,NULL,3,1552320576004,1552320576004,1552320576004),('Clone_of_Echo_on_Mar_11,_2019_12:24_PM_96170feb-9202-458f-8494-5fea6e5598dd','default','default:EXPERIMENT','default-admin@default',NULL,'Clone of Echo on Mar 11, 2019 12:24 PM',NULL,NULL,NULL,3,1552322784306,1552322784306,1552322784306),('Default_Project_93d9a30a-4299-44dd-9e48-a7b8961464dc','default','default:PROJECT','default-admin@default',NULL,'Default Project','This is the default project for user default-admin',NULL,NULL,2,1551138405526,1551138405526,1551138405526),('echo2_190926b0-f389-4394-864e-0b2f0782692c','default','default:EXPERIMENT','default-admin@default','Default_Project_93d9a30a-4299-44dd-9e48-a7b8961464dc','echo2',' ',NULL,NULL,5,1551200818680,1551200818680,1551200818680),('Echo2_56e5b34d-5ce1-47db-9723-29244d41da32','default','default:EXPERIMENT','default-admin@default','Default_Project_93d9a30a-4299-44dd-9e48-a7b8961464dc','Echo2',' ',NULL,NULL,5,1551195758420,1551195758420,1551195758420),('Echo_on_Mar_11,_2019_11:47_AM_40ff0d5e-5053-43f7-8f80-faa53f623ca9','default','default:EXPERIMENT','default-admin@default','Default_Project_93d9a30a-4299-44dd-9e48-a7b8961464dc','Echo on Mar 11, 2019 11:47 AM',NULL,NULL,NULL,3,1552319249121,1552319249121,1552319249121),('Echo_on_Mar_11,_2019_11:59_AM_d17b5f17-f9d3-442a-82d2-b386c3a9eb6f','default','default:EXPERIMENT','default-admin@default','Default_Project_93d9a30a-4299-44dd-9e48-a7b8961464dc','Echo on Mar 11, 2019 11:59 AM',NULL,NULL,NULL,3,1552319973634,1552319973634,1552319973634),('Echo_on_Mar_11,_2019_12:02_PM_d7d67775-e7f6-4255-9c05-764b29ac9e3e','default','default:EXPERIMENT','default-admin@default','Default_Project_93d9a30a-4299-44dd-9e48-a7b8961464dc','Echo on Mar 11, 2019 12:02 PM',NULL,NULL,NULL,3,1552320158357,1552320158357,1552320158357),('Echo_on_Mar_11,_2019_12:11_PM_f2576ab2-c3af-47e9-8fe2-099802ba25c1','default','default:EXPERIMENT','default-admin@default','Default_Project_93d9a30a-4299-44dd-9e48-a7b8961464dc','Echo on Mar 11, 2019 12:11 PM',NULL,NULL,NULL,3,1552320714168,1552320714168,1552320714168),('Echo_on_Mar_11,_2019_12:24_PM_e78780cb-35a5-467b-baea-e9df5f498387','default','default:EXPERIMENT','default-admin@default','Default_Project_93d9a30a-4299-44dd-9e48-a7b8961464dc','Echo on Mar 11, 2019 12:24 PM',NULL,NULL,NULL,3,1552321490571,1552321490571,1552321490571),('js-156-93.jetstream-cloud.org_Echo_88202f35-beef-414a-84a4-6ee9dd4f5a84','default','default:APPLICATION_DEPLOYMENT','default-admin@default',NULL,'js-156-93.jetstream-cloud.org_Echo_88202f35-beef-414a-84a4-6ee9dd4f5a84','',NULL,NULL,3,1551195720578,1551195720578,1551195720578);
/*!40000 ALTER TABLE `ENTITY` ENABLE KEYS */;
UNLOCK TABLES;

--
-- Table structure for table `GROUP_ADMIN`
--

DROP TABLE IF EXISTS `GROUP_ADMIN`;
/*!40101 SET @saved_cs_client     = @@character_set_client */;
/*!40101 SET character_set_client = utf8 */;
CREATE TABLE `GROUP_ADMIN` (
  `ADMIN_ID` varchar(255) NOT NULL,
  `GROUP_ID` varchar(255) NOT NULL,
  `DOMAIN_ID` varchar(255) NOT NULL,
  PRIMARY KEY (`ADMIN_ID`,`GROUP_ID`,`DOMAIN_ID`),
  KEY `ADMIN_ID` (`ADMIN_ID`,`DOMAIN_ID`),
  CONSTRAINT `group_admin_ibfk_1` FOREIGN KEY (`ADMIN_ID`, `DOMAIN_ID`) REFERENCES `SHARING_USER` (`USER_ID`, `DOMAIN_ID`) ON DELETE CASCADE ON UPDATE NO ACTION
) ENGINE=InnoDB DEFAULT CHARSET=latin1;
/*!40101 SET character_set_client = @saved_cs_client */;

--
-- Dumping data for table `GROUP_ADMIN`
--

LOCK TABLES `GROUP_ADMIN` WRITE;
/*!40000 ALTER TABLE `GROUP_ADMIN` DISABLE KEYS */;
/*!40000 ALTER TABLE `GROUP_ADMIN` ENABLE KEYS */;
UNLOCK TABLES;


--
-- Table structure for table `USER_GROUP`
--

DROP TABLE IF EXISTS `USER_GROUP`;
/*!40101 SET @saved_cs_client     = @@character_set_client */;
/*!40101 SET character_set_client = utf8 */;
CREATE TABLE `USER_GROUP` (
  `GROUP_ID` varchar(255) NOT NULL,
  `DOMAIN_ID` varchar(255) NOT NULL,
  `NAME` varchar(255) NOT NULL,
  `DESCRIPTION` varchar(255) DEFAULT NULL,
  `OWNER_ID` varchar(255) NOT NULL,
  `GROUP_TYPE` varchar(255) NOT NULL,
  `GROUP_CARDINALITY` varchar(255) NOT NULL,
  `CREATED_TIME` bigint(20) NOT NULL,
  `UPDATED_TIME` bigint(20) NOT NULL,
  PRIMARY KEY (`GROUP_ID`,`DOMAIN_ID`),
  KEY `OWNER_ID` (`OWNER_ID`,`DOMAIN_ID`),
  CONSTRAINT `user_group_ibfk_1` FOREIGN KEY (`OWNER_ID`, `DOMAIN_ID`) REFERENCES `SHARING_USER` (`USER_ID`, `DOMAIN_ID`) ON DELETE CASCADE ON UPDATE NO ACTION
) ENGINE=InnoDB DEFAULT CHARSET=latin1;
/*!40101 SET character_set_client = @saved_cs_client */;

--
-- Dumping data for table `USER_GROUP`
--

LOCK TABLES `USER_GROUP` WRITE;
/*!40000 ALTER TABLE `USER_GROUP` DISABLE KEYS */;
INSERT INTO `USER_GROUP` VALUES ('Admin_Users_ba3e4af7-9b1d-4f46-b43a-2b44790f6868','default','Admin Users','Admin users group.','default-admin@default','DOMAIN_LEVEL_GROUP','MULTI_USER',1551138405064,1551138405064),('default-admin@default','default','dim Upe','user dim Upe group','default-admin@default','USER_LEVEL_GROUP','SINGLE_USER',0,1551138404890),('Gateway_Users_2e4e6eb4-05ad-4a0f-92d1-02aa26c56004','default','Gateway Users','Default group for users of the gateway.','default-admin@default','DOMAIN_LEVEL_GROUP','MULTI_USER',1551138405011,1551138405011),('Read_Only_Admin_Users_68f97cb6-9d9a-4a41-a15e-1db24ec087b3','default','Read Only Admin Users','Group of admin users with read-only access.','default-admin@default','DOMAIN_LEVEL_GROUP','MULTI_USER',1551138405099,1551138405099);
/*!40000 ALTER TABLE `USER_GROUP` ENABLE KEYS */;
UNLOCK TABLES;

--
-- Table structure for table `GROUP_MEMBERSHIP`
--

DROP TABLE IF EXISTS `GROUP_MEMBERSHIP`;
/*!40101 SET @saved_cs_client     = @@character_set_client */;
/*!40101 SET character_set_client = utf8 */;
CREATE TABLE `GROUP_MEMBERSHIP` (
  `PARENT_ID` varchar(255) NOT NULL,
  `CHILD_ID` varchar(255) NOT NULL,
  `DOMAIN_ID` varchar(255) NOT NULL,
  `CHILD_TYPE` varchar(255) NOT NULL,
  `CREATED_TIME` bigint(20) NOT NULL,
  `UPDATED_TIME` bigint(20) NOT NULL,
  PRIMARY KEY (`PARENT_ID`,`CHILD_ID`,`DOMAIN_ID`),
  KEY `PARENT_ID` (`PARENT_ID`,`DOMAIN_ID`),
  KEY `CHILD_ID` (`CHILD_ID`,`DOMAIN_ID`),
  CONSTRAINT `group_membership_ibfk_1` FOREIGN KEY (`PARENT_ID`, `DOMAIN_ID`) REFERENCES `USER_GROUP` (`GROUP_ID`, `DOMAIN_ID`) ON DELETE CASCADE ON UPDATE NO ACTION,
  CONSTRAINT `group_membership_ibfk_2` FOREIGN KEY (`CHILD_ID`, `DOMAIN_ID`) REFERENCES `USER_GROUP` (`GROUP_ID`, `DOMAIN_ID`) ON DELETE CASCADE ON UPDATE NO ACTION
) ENGINE=InnoDB DEFAULT CHARSET=latin1;
/*!40101 SET character_set_client = @saved_cs_client */;

--
-- Dumping data for table `GROUP_MEMBERSHIP`
--

LOCK TABLES `GROUP_MEMBERSHIP` WRITE;
/*!40000 ALTER TABLE `GROUP_MEMBERSHIP` DISABLE KEYS */;
INSERT INTO `GROUP_MEMBERSHIP` VALUES ('Admin_Users_ba3e4af7-9b1d-4f46-b43a-2b44790f6868','default-admin@default','default','USER',1551138405079,1551138405079),('Gateway_Users_2e4e6eb4-05ad-4a0f-92d1-02aa26c56004','default-admin@default','default','USER',1551138405029,1551138405029),('Read_Only_Admin_Users_68f97cb6-9d9a-4a41-a15e-1db24ec087b3','default-admin@default','default','USER',1551138405107,1551138405107);
/*!40000 ALTER TABLE `GROUP_MEMBERSHIP` ENABLE KEYS */;
UNLOCK TABLES;

--
-- Table structure for table `PERMISSION_TYPE`
--

DROP TABLE IF EXISTS `PERMISSION_TYPE`;
/*!40101 SET @saved_cs_client     = @@character_set_client */;
/*!40101 SET character_set_client = utf8 */;
CREATE TABLE `PERMISSION_TYPE` (
  `PERMISSION_TYPE_ID` varchar(255) NOT NULL,
  `DOMAIN_ID` varchar(255) NOT NULL,
  `NAME` varchar(255) NOT NULL,
  `DESCRIPTION` varchar(255) DEFAULT NULL,
  `CREATED_TIME` bigint(20) NOT NULL,
  `UPDATED_TIME` bigint(20) NOT NULL,
  PRIMARY KEY (`PERMISSION_TYPE_ID`,`DOMAIN_ID`),
  KEY `DOMAIN_ID` (`DOMAIN_ID`),
  CONSTRAINT `permission_type_ibfk_1` FOREIGN KEY (`DOMAIN_ID`) REFERENCES `DOMAIN` (`DOMAIN_ID`) ON DELETE CASCADE ON UPDATE NO ACTION
) ENGINE=InnoDB DEFAULT CHARSET=latin1;
/*!40101 SET character_set_client = @saved_cs_client */;

--
-- Dumping data for table `PERMISSION_TYPE`
--

LOCK TABLES `PERMISSION_TYPE` WRITE;
/*!40000 ALTER TABLE `PERMISSION_TYPE` DISABLE KEYS */;
INSERT INTO `PERMISSION_TYPE` VALUES ('default:OWNER','default','OWNER','GLOBAL permission to default',1551138011561,1551138011561),('default:READ','default','READ','Read permission type',1551138011783,1551138011783),('default:WRITE','default','WRITE','Write permission type',1551138011808,1551138011808),('default:MANAGE_SHARING','default','MANAGE_SHARING','Sharing permission type',1551138011853,1551138011853);
/*!40000 ALTER TABLE `PERMISSION_TYPE` ENABLE KEYS */;
UNLOCK TABLES;

--
-- Table structure for table `SHARING`
--

DROP TABLE IF EXISTS `SHARING`;
/*!40101 SET @saved_cs_client     = @@character_set_client */;
/*!40101 SET character_set_client = utf8 */;
CREATE TABLE `SHARING` (
  `PERMISSION_TYPE_ID` varchar(255) NOT NULL,
  `ENTITY_ID` varchar(255) NOT NULL,
  `DOMAIN_ID` varchar(255) NOT NULL,
  `GROUP_ID` varchar(255) NOT NULL,
  `SHARING_TYPE` varchar(255) NOT NULL,
  `INHERITED_PARENT_ID` varchar(255) NOT NULL,
  `CREATED_TIME` bigint(20) NOT NULL,
  `UPDATED_TIME` bigint(20) NOT NULL,
  PRIMARY KEY (`PERMISSION_TYPE_ID`,`ENTITY_ID`,`GROUP_ID`,`DOMAIN_ID`,`INHERITED_PARENT_ID`),
  KEY `SHARING_PERMISSION_TYPE_ID_DOMAIN_ID_FK` (`PERMISSION_TYPE_ID`,`DOMAIN_ID`),
  KEY `SHARING_ENTITY_ID_DOMAIN_ID_FK` (`ENTITY_ID`,`DOMAIN_ID`),
  KEY `SHARING_INHERITED_PARENT_ID_DOMAIN_ID_FK` (`INHERITED_PARENT_ID`,`DOMAIN_ID`),
  KEY `SHARING_GROUP_ID_DOMAIN_ID_FK` (`GROUP_ID`,`DOMAIN_ID`),
  CONSTRAINT `SHARING_ENTITY_ID_DOMAIN_ID_FK` FOREIGN KEY (`ENTITY_ID`, `DOMAIN_ID`) REFERENCES `ENTITY` (`ENTITY_ID`, `DOMAIN_ID`) ON DELETE CASCADE ON UPDATE NO ACTION,
  CONSTRAINT `SHARING_GROUP_ID_DOMAIN_ID_FK` FOREIGN KEY (`GROUP_ID`, `DOMAIN_ID`) REFERENCES `USER_GROUP` (`GROUP_ID`, `DOMAIN_ID`) ON DELETE CASCADE ON UPDATE NO ACTION,
  CONSTRAINT `SHARING_INHERITED_PARENT_ID_DOMAIN_ID_FK` FOREIGN KEY (`INHERITED_PARENT_ID`, `DOMAIN_ID`) REFERENCES `ENTITY` (`ENTITY_ID`, `DOMAIN_ID`) ON DELETE CASCADE ON UPDATE NO ACTION,
  CONSTRAINT `SHARING_PERMISSION_TYPE_ID_DOMAIN_ID_FK` FOREIGN KEY (`PERMISSION_TYPE_ID`, `DOMAIN_ID`) REFERENCES `PERMISSION_TYPE` (`PERMISSION_TYPE_ID`, `DOMAIN_ID`) ON DELETE CASCADE ON UPDATE NO ACTION
) ENGINE=InnoDB DEFAULT CHARSET=latin1;
/*!40101 SET character_set_client = @saved_cs_client */;

--
-- Dumping data for table `SHARING`
--

LOCK TABLES `SHARING` WRITE;
/*!40000 ALTER TABLE `SHARING` DISABLE KEYS */;
INSERT INTO `SHARING` VALUES ('default:OWNER','46a99a5a-8b55-4982-bfd7-90fe72b00d46','default','default-admin@default','DIRECT_CASCADING','46a99a5a-8b55-4982-bfd7-90fe72b00d46',1551139607745,1551139607745),('default:OWNER','af03c63d-a40e-4ed1-aee0-759a6ed0202c','default','default-admin@default','DIRECT_CASCADING','af03c63d-a40e-4ed1-aee0-759a6ed0202c',1552318871935,1552318871935),('default:OWNER','Clone_of_Clone_of_Echo_on_Mar_11,_2019_12:24_PM_9182a6b7-520d-4a8d-92e1-24463aae530b','default','default-admin@default','DIRECT_CASCADING','Clone_of_Clone_of_Echo_on_Mar_11,_2019_12:24_PM_9182a6b7-520d-4a8d-92e1-24463aae530b',1552323107903,1552323107903),('default:OWNER','Clone_of_Echo_on_Mar_11,_2019_12:02_PM_32bd2154-9dd1-46c4-87c1-cd3925174f79','default','default-admin@default','DIRECT_CASCADING','Clone_of_Echo_on_Mar_11,_2019_12:02_PM_32bd2154-9dd1-46c4-87c1-cd3925174f79',1552320576016,1552320576016),('default:OWNER','Clone_of_Echo_on_Mar_11,_2019_12:24_PM_96170feb-9202-458f-8494-5fea6e5598dd','default','default-admin@default','DIRECT_CASCADING','Clone_of_Echo_on_Mar_11,_2019_12:24_PM_96170feb-9202-458f-8494-5fea6e5598dd',1552322784315,1552322784315),('default:OWNER','Default_Project_93d9a30a-4299-44dd-9e48-a7b8961464dc','default','default-admin@default','DIRECT_CASCADING','Default_Project_93d9a30a-4299-44dd-9e48-a7b8961464dc',1551138405554,1551138405554),('default:OWNER','echo2_190926b0-f389-4394-864e-0b2f0782692c','default','default-admin@default','INDIRECT_CASCADING','Default_Project_93d9a30a-4299-44dd-9e48-a7b8961464dc',1551200818759,1551200818759),('default:OWNER','echo2_190926b0-f389-4394-864e-0b2f0782692c','default','default-admin@default','DIRECT_CASCADING','echo2_190926b0-f389-4394-864e-0b2f0782692c',1551200818705,1551200818705),('default:OWNER','Echo2_56e5b34d-5ce1-47db-9723-29244d41da32','default','default-admin@default','INDIRECT_CASCADING','Default_Project_93d9a30a-4299-44dd-9e48-a7b8961464dc',1551195758468,1551195758468),('default:OWNER','Echo2_56e5b34d-5ce1-47db-9723-29244d41da32','default','default-admin@default','DIRECT_CASCADING','Echo2_56e5b34d-5ce1-47db-9723-29244d41da32',1551195758430,1551195758430),('default:OWNER','Echo_on_Mar_11,_2019_11:47_AM_40ff0d5e-5053-43f7-8f80-faa53f623ca9','default','default-admin@default','INDIRECT_CASCADING','Default_Project_93d9a30a-4299-44dd-9e48-a7b8961464dc',1552319249178,1552319249178),('default:OWNER','Echo_on_Mar_11,_2019_11:47_AM_40ff0d5e-5053-43f7-8f80-faa53f623ca9','default','default-admin@default','DIRECT_CASCADING','Echo_on_Mar_11,_2019_11:47_AM_40ff0d5e-5053-43f7-8f80-faa53f623ca9',1552319249136,1552319249136),('default:OWNER','Echo_on_Mar_11,_2019_11:59_AM_d17b5f17-f9d3-442a-82d2-b386c3a9eb6f','default','default-admin@default','INDIRECT_CASCADING','Default_Project_93d9a30a-4299-44dd-9e48-a7b8961464dc',1552319973685,1552319973685),('default:OWNER','Echo_on_Mar_11,_2019_11:59_AM_d17b5f17-f9d3-442a-82d2-b386c3a9eb6f','default','default-admin@default','DIRECT_CASCADING','Echo_on_Mar_11,_2019_11:59_AM_d17b5f17-f9d3-442a-82d2-b386c3a9eb6f',1552319973651,1552319973651),('default:OWNER','Echo_on_Mar_11,_2019_12:02_PM_d7d67775-e7f6-4255-9c05-764b29ac9e3e','default','default-admin@default','INDIRECT_CASCADING','Default_Project_93d9a30a-4299-44dd-9e48-a7b8961464dc',1552320158415,1552320158415),('default:OWNER','Echo_on_Mar_11,_2019_12:02_PM_d7d67775-e7f6-4255-9c05-764b29ac9e3e','default','default-admin@default','DIRECT_CASCADING','Echo_on_Mar_11,_2019_12:02_PM_d7d67775-e7f6-4255-9c05-764b29ac9e3e',1552320158375,1552320158375),('default:OWNER','Echo_on_Mar_11,_2019_12:11_PM_f2576ab2-c3af-47e9-8fe2-099802ba25c1','default','default-admin@default','INDIRECT_CASCADING','Default_Project_93d9a30a-4299-44dd-9e48-a7b8961464dc',1552320714215,1552320714215),('default:OWNER','Echo_on_Mar_11,_2019_12:11_PM_f2576ab2-c3af-47e9-8fe2-099802ba25c1','default','default-admin@default','DIRECT_CASCADING','Echo_on_Mar_11,_2019_12:11_PM_f2576ab2-c3af-47e9-8fe2-099802ba25c1',1552320714184,1552320714184),('default:OWNER','Echo_on_Mar_11,_2019_12:24_PM_e78780cb-35a5-467b-baea-e9df5f498387','default','default-admin@default','INDIRECT_CASCADING','Default_Project_93d9a30a-4299-44dd-9e48-a7b8961464dc',1552321490609,1552321490609),('default:OWNER','Echo_on_Mar_11,_2019_12:24_PM_e78780cb-35a5-467b-baea-e9df5f498387','default','default-admin@default','DIRECT_CASCADING','Echo_on_Mar_11,_2019_12:24_PM_e78780cb-35a5-467b-baea-e9df5f498387',1552321490586,1552321490586),('default:OWNER','js-156-93.jetstream-cloud.org_Echo_88202f35-beef-414a-84a4-6ee9dd4f5a84','default','default-admin@default','DIRECT_CASCADING','js-156-93.jetstream-cloud.org_Echo_88202f35-beef-414a-84a4-6ee9dd4f5a84',1551195720607,1551195720607),('default:READ','af03c63d-a40e-4ed1-aee0-759a6ed0202c','default','Admin_Users_ba3e4af7-9b1d-4f46-b43a-2b44790f6868','DIRECT_CASCADING','af03c63d-a40e-4ed1-aee0-759a6ed0202c',1552318872021,1552318872021),('default:READ','af03c63d-a40e-4ed1-aee0-759a6ed0202c','default','Read_Only_Admin_Users_68f97cb6-9d9a-4a41-a15e-1db24ec087b3','DIRECT_CASCADING','af03c63d-a40e-4ed1-aee0-759a6ed0202c',1552318872021,1552318872021),('default:READ','Clone_of_Clone_of_Echo_on_Mar_11,_2019_12:24_PM_9182a6b7-520d-4a8d-92e1-24463aae530b','default','Admin_Users_ba3e4af7-9b1d-4f46-b43a-2b44790f6868','DIRECT_CASCADING','Clone_of_Clone_of_Echo_on_Mar_11,_2019_12:24_PM_9182a6b7-520d-4a8d-92e1-24463aae530b',1552323107949,1552323107949),('default:READ','Clone_of_Clone_of_Echo_on_Mar_11,_2019_12:24_PM_9182a6b7-520d-4a8d-92e1-24463aae530b','default','Read_Only_Admin_Users_68f97cb6-9d9a-4a41-a15e-1db24ec087b3','DIRECT_CASCADING','Clone_of_Clone_of_Echo_on_Mar_11,_2019_12:24_PM_9182a6b7-520d-4a8d-92e1-24463aae530b',1552323107949,1552323107949),('default:READ','Clone_of_Echo_on_Mar_11,_2019_12:02_PM_32bd2154-9dd1-46c4-87c1-cd3925174f79','default','Admin_Users_ba3e4af7-9b1d-4f46-b43a-2b44790f6868','DIRECT_CASCADING','Clone_of_Echo_on_Mar_11,_2019_12:02_PM_32bd2154-9dd1-46c4-87c1-cd3925174f79',1552320576060,1552320576060),('default:READ','Clone_of_Echo_on_Mar_11,_2019_12:02_PM_32bd2154-9dd1-46c4-87c1-cd3925174f79','default','Read_Only_Admin_Users_68f97cb6-9d9a-4a41-a15e-1db24ec087b3','DIRECT_CASCADING','Clone_of_Echo_on_Mar_11,_2019_12:02_PM_32bd2154-9dd1-46c4-87c1-cd3925174f79',1552320576060,1552320576060),('default:READ','Clone_of_Echo_on_Mar_11,_2019_12:24_PM_96170feb-9202-458f-8494-5fea6e5598dd','default','Admin_Users_ba3e4af7-9b1d-4f46-b43a-2b44790f6868','DIRECT_CASCADING','Clone_of_Echo_on_Mar_11,_2019_12:24_PM_96170feb-9202-458f-8494-5fea6e5598dd',1552322784367,1552322784367),('default:READ','Clone_of_Echo_on_Mar_11,_2019_12:24_PM_96170feb-9202-458f-8494-5fea6e5598dd','default','Read_Only_Admin_Users_68f97cb6-9d9a-4a41-a15e-1db24ec087b3','DIRECT_CASCADING','Clone_of_Echo_on_Mar_11,_2019_12:24_PM_96170feb-9202-458f-8494-5fea6e5598dd',1552322784367,1552322784367),('default:READ','Default_Project_93d9a30a-4299-44dd-9e48-a7b8961464dc','default','default-admin@default','DIRECT_CASCADING','Default_Project_93d9a30a-4299-44dd-9e48-a7b8961464dc',1551138406052,1551138406052),('default:READ','echo2_190926b0-f389-4394-864e-0b2f0782692c','default','Admin_Users_ba3e4af7-9b1d-4f46-b43a-2b44790f6868','DIRECT_CASCADING','echo2_190926b0-f389-4394-864e-0b2f0782692c',1551200818860,1551200818860),('default:READ','echo2_190926b0-f389-4394-864e-0b2f0782692c','default','default-admin@default','INDIRECT_CASCADING','Default_Project_93d9a30a-4299-44dd-9e48-a7b8961464dc',1551200818736,1551200818736),('default:READ','echo2_190926b0-f389-4394-864e-0b2f0782692c','default','default-admin@default','DIRECT_CASCADING','echo2_190926b0-f389-4394-864e-0b2f0782692c',1551200819351,1551200819351),('default:READ','echo2_190926b0-f389-4394-864e-0b2f0782692c','default','Read_Only_Admin_Users_68f97cb6-9d9a-4a41-a15e-1db24ec087b3','DIRECT_CASCADING','echo2_190926b0-f389-4394-864e-0b2f0782692c',1551200818860,1551200818860),('default:READ','Echo2_56e5b34d-5ce1-47db-9723-29244d41da32','default','Admin_Users_ba3e4af7-9b1d-4f46-b43a-2b44790f6868','DIRECT_CASCADING','Echo2_56e5b34d-5ce1-47db-9723-29244d41da32',1551195758537,1551195758537),('default:READ','Echo2_56e5b34d-5ce1-47db-9723-29244d41da32','default','default-admin@default','INDIRECT_CASCADING','Default_Project_93d9a30a-4299-44dd-9e48-a7b8961464dc',1551195758452,1551195758452),('default:READ','Echo2_56e5b34d-5ce1-47db-9723-29244d41da32','default','default-admin@default','DIRECT_CASCADING','Echo2_56e5b34d-5ce1-47db-9723-29244d41da32',1551195759028,1551195759028),('default:READ','Echo2_56e5b34d-5ce1-47db-9723-29244d41da32','default','Read_Only_Admin_Users_68f97cb6-9d9a-4a41-a15e-1db24ec087b3','DIRECT_CASCADING','Echo2_56e5b34d-5ce1-47db-9723-29244d41da32',1551195758537,1551195758537),('default:READ','Echo_on_Mar_11,_2019_11:47_AM_40ff0d5e-5053-43f7-8f80-faa53f623ca9','default','Admin_Users_ba3e4af7-9b1d-4f46-b43a-2b44790f6868','DIRECT_CASCADING','Echo_on_Mar_11,_2019_11:47_AM_40ff0d5e-5053-43f7-8f80-faa53f623ca9',1552319249231,1552319249231),('default:READ','Echo_on_Mar_11,_2019_11:47_AM_40ff0d5e-5053-43f7-8f80-faa53f623ca9','default','default-admin@default','INDIRECT_CASCADING','Default_Project_93d9a30a-4299-44dd-9e48-a7b8961464dc',1552319249161,1552319249161),('default:READ','Echo_on_Mar_11,_2019_11:47_AM_40ff0d5e-5053-43f7-8f80-faa53f623ca9','default','Read_Only_Admin_Users_68f97cb6-9d9a-4a41-a15e-1db24ec087b3','DIRECT_CASCADING','Echo_on_Mar_11,_2019_11:47_AM_40ff0d5e-5053-43f7-8f80-faa53f623ca9',1552319249231,1552319249231),('default:READ','Echo_on_Mar_11,_2019_11:59_AM_d17b5f17-f9d3-442a-82d2-b386c3a9eb6f','default','Admin_Users_ba3e4af7-9b1d-4f46-b43a-2b44790f6868','DIRECT_CASCADING','Echo_on_Mar_11,_2019_11:59_AM_d17b5f17-f9d3-442a-82d2-b386c3a9eb6f',1552319973762,1552319973762),('default:READ','Echo_on_Mar_11,_2019_11:59_AM_d17b5f17-f9d3-442a-82d2-b386c3a9eb6f','default','default-admin@default','INDIRECT_CASCADING','Default_Project_93d9a30a-4299-44dd-9e48-a7b8961464dc',1552319973669,1552319973669),('default:READ','Echo_on_Mar_11,_2019_11:59_AM_d17b5f17-f9d3-442a-82d2-b386c3a9eb6f','default','Read_Only_Admin_Users_68f97cb6-9d9a-4a41-a15e-1db24ec087b3','DIRECT_CASCADING','Echo_on_Mar_11,_2019_11:59_AM_d17b5f17-f9d3-442a-82d2-b386c3a9eb6f',1552319973762,1552319973762),('default:READ','Echo_on_Mar_11,_2019_12:02_PM_d7d67775-e7f6-4255-9c05-764b29ac9e3e','default','Admin_Users_ba3e4af7-9b1d-4f46-b43a-2b44790f6868','DIRECT_CASCADING','Echo_on_Mar_11,_2019_12:02_PM_d7d67775-e7f6-4255-9c05-764b29ac9e3e',1552320158500,1552320158500),('default:READ','Echo_on_Mar_11,_2019_12:02_PM_d7d67775-e7f6-4255-9c05-764b29ac9e3e','default','default-admin@default','INDIRECT_CASCADING','Default_Project_93d9a30a-4299-44dd-9e48-a7b8961464dc',1552320158395,1552320158395),('default:READ','Echo_on_Mar_11,_2019_12:02_PM_d7d67775-e7f6-4255-9c05-764b29ac9e3e','default','Read_Only_Admin_Users_68f97cb6-9d9a-4a41-a15e-1db24ec087b3','DIRECT_CASCADING','Echo_on_Mar_11,_2019_12:02_PM_d7d67775-e7f6-4255-9c05-764b29ac9e3e',1552320158500,1552320158500),('default:READ','Echo_on_Mar_11,_2019_12:11_PM_f2576ab2-c3af-47e9-8fe2-099802ba25c1','default','Admin_Users_ba3e4af7-9b1d-4f46-b43a-2b44790f6868','DIRECT_CASCADING','Echo_on_Mar_11,_2019_12:11_PM_f2576ab2-c3af-47e9-8fe2-099802ba25c1',1552320714263,1552320714263),('default:READ','Echo_on_Mar_11,_2019_12:11_PM_f2576ab2-c3af-47e9-8fe2-099802ba25c1','default','default-admin@default','INDIRECT_CASCADING','Default_Project_93d9a30a-4299-44dd-9e48-a7b8961464dc',1552320714198,1552320714198),('default:READ','Echo_on_Mar_11,_2019_12:11_PM_f2576ab2-c3af-47e9-8fe2-099802ba25c1','default','Read_Only_Admin_Users_68f97cb6-9d9a-4a41-a15e-1db24ec087b3','DIRECT_CASCADING','Echo_on_Mar_11,_2019_12:11_PM_f2576ab2-c3af-47e9-8fe2-099802ba25c1',1552320714263,1552320714263),('default:READ','Echo_on_Mar_11,_2019_12:24_PM_e78780cb-35a5-467b-baea-e9df5f498387','default','Admin_Users_ba3e4af7-9b1d-4f46-b43a-2b44790f6868','DIRECT_CASCADING','Echo_on_Mar_11,_2019_12:24_PM_e78780cb-35a5-467b-baea-e9df5f498387',1552321490657,1552321490657),('default:READ','Echo_on_Mar_11,_2019_12:24_PM_e78780cb-35a5-467b-baea-e9df5f498387','default','default-admin@default','INDIRECT_CASCADING','Default_Project_93d9a30a-4299-44dd-9e48-a7b8961464dc',1552321490595,1552321490595),('default:READ','Echo_on_Mar_11,_2019_12:24_PM_e78780cb-35a5-467b-baea-e9df5f498387','default','Read_Only_Admin_Users_68f97cb6-9d9a-4a41-a15e-1db24ec087b3','DIRECT_CASCADING','Echo_on_Mar_11,_2019_12:24_PM_e78780cb-35a5-467b-baea-e9df5f498387',1552321490657,1552321490657),('default:READ','js-156-93.jetstream-cloud.org_Echo_88202f35-beef-414a-84a4-6ee9dd4f5a84','default','Admin_Users_ba3e4af7-9b1d-4f46-b43a-2b44790f6868','DIRECT_CASCADING','js-156-93.jetstream-cloud.org_Echo_88202f35-beef-414a-84a4-6ee9dd4f5a84',1551195720704,1551195720704),('default:READ','js-156-93.jetstream-cloud.org_Echo_88202f35-beef-414a-84a4-6ee9dd4f5a84','default','Read_Only_Admin_Users_68f97cb6-9d9a-4a41-a15e-1db24ec087b3','DIRECT_CASCADING','js-156-93.jetstream-cloud.org_Echo_88202f35-beef-414a-84a4-6ee9dd4f5a84',1551195720704,1551195720704),('default:WRITE','af03c63d-a40e-4ed1-aee0-759a6ed0202c','default','Admin_Users_ba3e4af7-9b1d-4f46-b43a-2b44790f6868','DIRECT_CASCADING','af03c63d-a40e-4ed1-aee0-759a6ed0202c',1552318871972,1552318871972),('default:WRITE','Clone_of_Clone_of_Echo_on_Mar_11,_2019_12:24_PM_9182a6b7-520d-4a8d-92e1-24463aae530b','default','Admin_Users_ba3e4af7-9b1d-4f46-b43a-2b44790f6868','DIRECT_CASCADING','Clone_of_Clone_of_Echo_on_Mar_11,_2019_12:24_PM_9182a6b7-520d-4a8d-92e1-24463aae530b',1552323107921,1552323107921),('default:WRITE','Clone_of_Echo_on_Mar_11,_2019_12:02_PM_32bd2154-9dd1-46c4-87c1-cd3925174f79','default','Admin_Users_ba3e4af7-9b1d-4f46-b43a-2b44790f6868','DIRECT_CASCADING','Clone_of_Echo_on_Mar_11,_2019_12:02_PM_32bd2154-9dd1-46c4-87c1-cd3925174f79',1552320576035,1552320576035),('default:WRITE','Clone_of_Echo_on_Mar_11,_2019_12:24_PM_96170feb-9202-458f-8494-5fea6e5598dd','default','Admin_Users_ba3e4af7-9b1d-4f46-b43a-2b44790f6868','DIRECT_CASCADING','Clone_of_Echo_on_Mar_11,_2019_12:24_PM_96170feb-9202-458f-8494-5fea6e5598dd',1552322784331,1552322784331),('default:WRITE','Default_Project_93d9a30a-4299-44dd-9e48-a7b8961464dc','default','default-admin@default','DIRECT_CASCADING','Default_Project_93d9a30a-4299-44dd-9e48-a7b8961464dc',1551138405837,1551138405837),('default:WRITE','echo2_190926b0-f389-4394-864e-0b2f0782692c','default','Admin_Users_ba3e4af7-9b1d-4f46-b43a-2b44790f6868','DIRECT_CASCADING','echo2_190926b0-f389-4394-864e-0b2f0782692c',1551200818802,1551200818802),('default:WRITE','echo2_190926b0-f389-4394-864e-0b2f0782692c','default','default-admin@default','INDIRECT_CASCADING','Default_Project_93d9a30a-4299-44dd-9e48-a7b8961464dc',1551200818748,1551200818748),('default:WRITE','echo2_190926b0-f389-4394-864e-0b2f0782692c','default','default-admin@default','DIRECT_CASCADING','echo2_190926b0-f389-4394-864e-0b2f0782692c',1551200819185,1551200819185),('default:WRITE','Echo2_56e5b34d-5ce1-47db-9723-29244d41da32','default','Admin_Users_ba3e4af7-9b1d-4f46-b43a-2b44790f6868','DIRECT_CASCADING','Echo2_56e5b34d-5ce1-47db-9723-29244d41da32',1551195758494,1551195758494),('default:WRITE','Echo2_56e5b34d-5ce1-47db-9723-29244d41da32','default','default-admin@default','INDIRECT_CASCADING','Default_Project_93d9a30a-4299-44dd-9e48-a7b8961464dc',1551195758461,1551195758461),('default:WRITE','Echo2_56e5b34d-5ce1-47db-9723-29244d41da32','default','default-admin@default','DIRECT_CASCADING','Echo2_56e5b34d-5ce1-47db-9723-29244d41da32',1551195758871,1551195758871),('default:WRITE','Echo_on_Mar_11,_2019_11:47_AM_40ff0d5e-5053-43f7-8f80-faa53f623ca9','default','Admin_Users_ba3e4af7-9b1d-4f46-b43a-2b44790f6868','DIRECT_CASCADING','Echo_on_Mar_11,_2019_11:47_AM_40ff0d5e-5053-43f7-8f80-faa53f623ca9',1552319249200,1552319249200),('default:WRITE','Echo_on_Mar_11,_2019_11:47_AM_40ff0d5e-5053-43f7-8f80-faa53f623ca9','default','default-admin@default','INDIRECT_CASCADING','Default_Project_93d9a30a-4299-44dd-9e48-a7b8961464dc',1552319249169,1552319249169),('default:WRITE','Echo_on_Mar_11,_2019_11:59_AM_d17b5f17-f9d3-442a-82d2-b386c3a9eb6f','default','Admin_Users_ba3e4af7-9b1d-4f46-b43a-2b44790f6868','DIRECT_CASCADING','Echo_on_Mar_11,_2019_11:59_AM_d17b5f17-f9d3-442a-82d2-b386c3a9eb6f',1552319973716,1552319973716),('default:WRITE','Echo_on_Mar_11,_2019_11:59_AM_d17b5f17-f9d3-442a-82d2-b386c3a9eb6f','default','default-admin@default','INDIRECT_CASCADING','Default_Project_93d9a30a-4299-44dd-9e48-a7b8961464dc',1552319973676,1552319973676),('default:WRITE','Echo_on_Mar_11,_2019_12:02_PM_d7d67775-e7f6-4255-9c05-764b29ac9e3e','default','Admin_Users_ba3e4af7-9b1d-4f46-b43a-2b44790f6868','DIRECT_CASCADING','Echo_on_Mar_11,_2019_12:02_PM_d7d67775-e7f6-4255-9c05-764b29ac9e3e',1552320158451,1552320158451),('default:WRITE','Echo_on_Mar_11,_2019_12:02_PM_d7d67775-e7f6-4255-9c05-764b29ac9e3e','default','default-admin@default','INDIRECT_CASCADING','Default_Project_93d9a30a-4299-44dd-9e48-a7b8961464dc',1552320158405,1552320158405),('default:WRITE','Echo_on_Mar_11,_2019_12:11_PM_f2576ab2-c3af-47e9-8fe2-099802ba25c1','default','Admin_Users_ba3e4af7-9b1d-4f46-b43a-2b44790f6868','DIRECT_CASCADING','Echo_on_Mar_11,_2019_12:11_PM_f2576ab2-c3af-47e9-8fe2-099802ba25c1',1552320714233,1552320714233),('default:WRITE','Echo_on_Mar_11,_2019_12:11_PM_f2576ab2-c3af-47e9-8fe2-099802ba25c1','default','default-admin@default','INDIRECT_CASCADING','Default_Project_93d9a30a-4299-44dd-9e48-a7b8961464dc',1552320714207,1552320714207),('default:WRITE','Echo_on_Mar_11,_2019_12:24_PM_e78780cb-35a5-467b-baea-e9df5f498387','default','Admin_Users_ba3e4af7-9b1d-4f46-b43a-2b44790f6868','DIRECT_CASCADING','Echo_on_Mar_11,_2019_12:24_PM_e78780cb-35a5-467b-baea-e9df5f498387',1552321490625,1552321490625),('default:WRITE','Echo_on_Mar_11,_2019_12:24_PM_e78780cb-35a5-467b-baea-e9df5f498387','default','default-admin@default','INDIRECT_CASCADING','Default_Project_93d9a30a-4299-44dd-9e48-a7b8961464dc',1552321490602,1552321490602),('default:WRITE','js-156-93.jetstream-cloud.org_Echo_88202f35-beef-414a-84a4-6ee9dd4f5a84','default','Admin_Users_ba3e4af7-9b1d-4f46-b43a-2b44790f6868','DIRECT_CASCADING','js-156-93.jetstream-cloud.org_Echo_88202f35-beef-414a-84a4-6ee9dd4f5a84',1551195720648,1551195720648);
/*!40000 ALTER TABLE `SHARING` ENABLE KEYS */;
UNLOCK TABLES;
